User,Email,Client,Project,Task,Description,Billable,Start date,Start time,End date,End time,Duration,Tags,Amount ()
Carlopcar4,carlopcar4@alum.us.es,,,,#3 Registrar información en el repositorio común de la asignatura,No,2023-02-17,11:38:41,2023-02-17,11:49:17,00:10:36,,
Carlopcar4,carlopcar4@alum.us.es,,,,#5 Añadir nuevos ejemplos a la plantilla,No,2023-02-17,11:56:19,2023-02-17,11:58:37,00:02:18,,
Carbermar3,carbermar3@alum.us.es,,,,#5 Añadir nuevos ejemplos a la plantilla,No,2023-02-17,11:57:05,2023-02-17,12:08:20,00:11:15,,
Carlopcar4,carlopcar4@alum.us.es,,,,#5 Añadir nuevos ejemplos a la plantilla,No,2023-02-17,12:03:01,2023-02-17,12:13:00,00:09:59,,
Carbermar3,carbermar3@alum.us.es,,,,"#4 Crear una milestone llamada ""F02"" definida para feedback con fecha correspondiente establecida.",No,2023-02-17,12:09:46,2023-02-17,12:12:39,00:02:53,,
Carbermar3,carbermar3@alum.us.es,,,,#2 Crear y configurar en Toggl un proyecto llamado SOS2223-16 en el workspace,No,2023-02-19,23:45:27,2023-02-19,23:46:09,00:00:42,,
Marcos Morales,marcosmorales1812@gmail.com,,SOS2223-16,,"",No,2023-02-20,13:43:54,2023-02-20,13:47:50,00:03:56,,
Carbermar3,carbermar3@alum.us.es,,SOS2223-16,,#6 add new data to shared job document,No,2023-02-22,18:22:42,2023-02-22,19:24:22,01:01:40,,
Carbermar3,carbermar3@alum.us.es,,SOS2223-16,,#7 create postman account,No,2023-02-23,12:07:55,2023-02-23,12:51:17,00:43:22,,
Carlopcar4,carlopcar4@alum.us.es,,,,#10 Crear cuenta postman,No,2023-02-24,11:31:13,2023-02-24,11:51:52,00:20:39,,
Carlopcar4,carlopcar4@alum.us.es,,,,"#9 Crear un nuevo archivo ""index-CLC.js"" en el repositorioSOS2223-16",No,2023-02-24,11:58:11,2023-02-24,12:22:14,00:24:03,,
Carlopcar4,carlopcar4@alum.us.es,,SOS2223-16,,"#9 Crear un nuevo archivo ""index-CLC.js"" en el repositorioSOS2223-16",No,2023-02-24,15:34:20,2023-02-24,17:14:19,01:39:59,,
Carlopcar4,carlopcar4@alum.us.es,,SOS2223-16,,#11 Añadir nuevos datos del documento de trabajo,No,2023-02-24,17:15:08,2023-02-24,18:00:36,00:45:28,,
Carlopcar4,carlopcar4@alum.us.es,,SOS2223-16,,#10 Crear cuenta postman,No,2023-02-24,18:02:45,2023-02-24,18:48:29,00:45:44,,
Marcos Morales,marcosmorales1812@gmail.com,,SOS2223-16,,#12 Crear una cuenta de la herramienta Postman.,No,2023-02-24,18:10:58,2023-02-24,18:29:35,00:18:37,,
Marcos Morales,marcosmorales1812@gmail.com,,,,"",No,2023-02-24,18:30:11,2023-02-24,18:30:17,00:00:06,,
Marcos Morales,marcosmorales1812@gmail.com,,SOS2223-16,,#13 Añadir nuevos datos al documento de trabajo,No,2023-02-24,18:34:09,2023-02-24,19:49:31,01:15:22,,
Marcos Morales,marcosmorales1812@gmail.com,,SOS2223-16,,"#14 Create new file ""Index-MMC.js"" in the SOS2223-16 repository.",No,2023-02-25,12:31:15,2023-02-25,13:58:01,01:26:46,,
Carbermar3,carbermar3@alum.us.es,,SOS2223-16,,"#8 create new file ""index-CBM.js"" in the SOS2223-16 repository",No,2023-02-26,18:11:55,2023-02-26,20:22:04,02:10:09,,
Marcos Morales,marcosmorales1812@gmail.com,,SOS2223-16,,#22 Crear ruta dinámica “/cool”,No,2023-03-03,19:24:34,2023-03-03,19:27:00,00:02:26,,
Marcos Morales,marcosmorales1812@gmail.com,,SOS2223-16,,#23 Crear modulo de nodejs que contenga el archivo principal “index.js”,No,2023-03-03,19:27:00,2023-03-03,19:28:38,00:01:38,,
Marcos Morales,marcosmorales1812@gmail.com,,SOS2223-16,,#22 Crear ruta dinámica “/cool”,No,2023-03-03,19:28:39,2023-03-03,19:28:52,00:00:13,,
Marcos Morales,marcosmorales1812@gmail.com,,SOS2223-16,,#22 Crear ruta dinámica “/cool”,No,2023-03-03,19:28:52,2023-03-03,19:29:01,00:00:09,,
Marcos Morales,marcosmorales1812@gmail.com,,SOS2223-16,,#22 Crear ruta dinámica “/cool”,No,2023-03-03,19:29:00,2023-03-03,20:13:43,00:44:43,,
Carlopcar4,carlopcar4@alum.us.es,,SOS2223-16,,#19 crear modulo de nodejs que contenga el archivo principal “index.js”,No,2023-03-04,08:47:04,2023-03-04,11:20:12,02:33:08,,
Carlopcar4,carlopcar4@alum.us.es,,SOS2223-16,,#17 Verificar la hoja de trabajo,No,2023-03-04,11:20:33,2023-03-04,11:36:58,00:16:25,,
Carlopcar4,carlopcar4@alum.us.es,,SOS2223-16,,#18 Duplicar el algoritmo dentro del archivo index-CLC.js,No,2023-03-04,11:37:38,2023-03-04,11:53:33,00:15:55,,
Carbermar3,carbermar3@alum.us.es,,SOS2223-16,,#15 Replicar el algoritmo index-CBM.js,No,2023-03-04,22:24:35,2023-03-04,23:26:49,01:02:14,,
Carbermar3,carbermar3@alum.us.es,,SOS2223-16,,#16 desarrollar ruta /samples/CBM,No,2023-03-04,23:28:16,2023-03-05,00:32:21,01:04:05,,
Carbermar3,carbermar3@alum.us.es,,SOS2223-16,,#20 Crear ruta dinámica “/cool”,No,2023-03-05,00:19:00,2023-03-05,01:30:37,01:11:37,,
Marcos Morales,marcosmorales1812@gmail.com,,SOS2223-16,,#24 Desarrollar ruta /samples/MMC,No,2023-03-05,13:21:15,2023-03-05,14:07:03,00:45:48,,
Marcos Morales,marcosmorales1812@gmail.com,,SOS2223-16,,#23 Crear modulo de nodejs que contenga el archivo principal “index.js”,No,2023-03-05,14:07:14,2023-03-05,15:36:54,01:29:40,,
Carbermar3,carbermar3@alum.us.es,,SOS2223-16,,#25 Crear recurso /api/v1/professionalorganisations_stats/loadInitialData,No,2023-03-09,20:26:26,2023-03-09,22:02:36,01:36:10,,
Marcos Morales,marcosmorales1812@gmail.com,,SOS2223-16,,#33 Desplegar en Google Cloud una API REST,No,2023-03-11,10:51:38,2023-03-11,12:46:47,01:55:09,,
Carlopcar4,carlopcar4@alum.us.es,,SOS2223-16,,#28 Desplegar en Google Cloud una API REST,No,2023-03-12,08:52:07,2023-03-12,11:06:33,02:14:26,,
Marcos Morales,marcosmorales1812@gmail.com,,SOS2223-16,,#32 Probar todas las funcionalidades de la API con llamadas en POSTMAN,No,2023-03-12,09:47:27,2023-03-12,11:47:15,01:59:48,,
Carbermar3,carbermar3@alum.us.es,,SOS2223-16,,#26 Implementación de buenas prácticas en la API,No,2023-03-12,11:05:39,2023-03-12,12:14:21,01:08:42,,
Carlopcar4,carlopcar4@alum.us.es,,SOS2223-16,,#30 Crear ruta /api/v1/FFFFF/loadInitialData,No,2023-03-12,11:07:24,2023-03-12,11:24:29,00:17:05,,
Carlopcar4,carlopcar4@alum.us.es,,SOS2223-16,,#29 Probar todas las funcionalidades de la API con llamadas en POSTMAN,No,2023-03-12,11:33:24,2023-03-12,12:13:13,00:39:49,,
Carbermar3,carbermar3@alum.us.es,,SOS2223-16,,#27 Desarrollar una colección de llamadas en POSTMAN,No,2023-03-12,12:31:09,2023-03-12,13:01:16,00:30:07,,
Marcos Morales,marcosmorales1812@gmail.com,,SOS2223-16,,#31 Crear ruta /api/v1/FFFFF/loadInitialData,No,2023-03-12,13:29:19,2023-03-12,15:21:36,01:52:17,,
Carbermar3,carbermar3@alum.us.es,,SOS2223-16,,#37 Completar README del repositorio general y del grupo,No,2023-03-16,17:10:47,2023-03-16,17:42:01,00:31:14,,
Carbermar3,carbermar3@alum.us.es,,SOS2223-16,,#39 Implementar API basada en una base de datos NeDB,No,2023-03-18,19:13:40,2023-03-18,20:58:49,01:45:09,,
Carbermar3,carbermar3@alum.us.es,,SOS2223-16,,#38 crear ruta /api/v1/professionalorganisations-stats/docs,No,2023-03-19,00:23:24,2023-03-19,01:12:19,00:48:55,,
Carlopcar4,carlopcar4@alum.us.es,,SOS2223-16,,#41 Implementar búsquedas por todos los campos en la API,No,2023-03-19,11:11:57,2023-03-19,13:31:53,02:19:56,,
Carlopcar4,carlopcar4@alum.us.es,,SOS2223-16,,#42 Crear ruta /api/v1/cadiz-agroclimatic-informations-stats/docs,No,2023-03-19,13:32:08,2023-03-19,14:02:35,00:30:27,,
Carlopcar4,carlopcar4@alum.us.es,,SOS2223-16,,#40 Implementar una persistencia de una base de datos NeDB,No,2023-03-19,14:02:49,2023-03-19,14:21:21,00:18:32,,
Marcos Morales,marcosmorales1812@gmail.com,,SOS2223-16,,#44 Crear ruta /api/v1/andalusian-civil-war-graves-stats/docs,No,2023-03-20,09:08:00,2023-03-20,10:05:21,00:57:21,,
Marcos Morales,marcosmorales1812@gmail.com,,SOS2223-16,,#43 Implementar una persistencia de una base de datos NeDB,No,2023-03-20,10:05:31,2023-03-20,11:03:46,00:58:15,,
Marcos Morales,marcosmorales1812@gmail.com,,SOS2223-16,,#45 Desarrollar una colección de llamadas en POSTMAN,No,2023-03-20,11:03:47,2023-03-20,13:00:22,01:56:35,,
Carlopcar4,carlopcar4@alum.us.es,,SOS2223-16,,"#48 No recibir ""_id"" cuando se muestren datos",No,2023-03-24,18:08:20,2023-03-24,18:36:52,00:28:32,,
Carlopcar4,carlopcar4@alum.us.es,,SOS2223-16,,#47 Corregir aquellos que no devuelven 400 si el dato no cumple la estructura,No,2023-03-24,18:37:08,2023-03-24,20:39:09,02:02:01,,
Carlopcar4,carlopcar4@alum.us.es,,SOS2223-16,,#46 Verificar todos los requisitos del F06,No,2023-03-24,20:39:20,2023-03-24,21:11:23,00:32:03,,
Carbermar3,carbermar3@alum.us.es,,SOS2223-16,,#49 Extender la colección de llamadas de POSTMAN,No,2023-03-25,00:12:45,2023-03-25,01:17:47,01:05:02,,
Marcos Morales,marcosmorales1812@gmail.com,,SOS2223-16,,"#54 No recibir ""_id""  cuando se muestren datos",No,2023-03-25,11:09:17,2023-03-25,18:49:48,07:40:31,,
Carbermar3,carbermar3@alum.us.es,,SOS2223-16,,#51 borrar propiedad _id autogenerada,No,2023-03-25,14:20:37,2023-03-25,15:23:46,01:03:09,,
Carbermar3,carbermar3@alum.us.es,,SOS2223-16,,#50 script de lanzamiento de test con newman,No,2023-03-26,00:52:59,2023-03-26,03:05:03,01:12:04,,
Marcos Morales,marcosmorales1812@gmail.com,,SOS2223-16,,#53 Script de lanzamiento de test con Newman,No,2023-03-26,13:06:34,2023-03-26,15:04:02,01:57:28,,
Marcos Morales,marcosmorales1812@gmail.com,,SOS2223-16,,#52 Extender la colección de llamadas POSTMAN,No,2023-03-26,15:04:03,2023-03-26,19:55:01,04:50:58,,
Carbermar3,carbermar3@alum.us.es,,SOS2223-16,,#59 Integrar Front-end Svelte,No,2023-04-03,19:54:00,2023-04-03,21:26:28,01:32:28,,
Carbermar3,carbermar3@alum.us.es,,SOS2223-16,,#60 Mostrar mensajes de estados,No,2023-04-04,01:59:00,2023-04-04,03:04:07,01:05:07,,
Carlopcar4,carlopcar4@alum.us.es,,SOS2223-16,,#57 Comprobar que se muestra un mensaje informativo del estado de la operación,No,2023-04-06,12:16:00,2023-04-06,13:14:08,00:58:08,,
Carlopcar4,carlopcar4@alum.us.es,,SOS2223-16,,#56 Comprobar que los elementos son comprensibles para usuarios no tecnicos,No,2023-04-06,12:18:00,2023-04-06,13:28:35,01:10:35,,
Carlopcar4,carlopcar4@alum.us.es,,SOS2223-16,,#55 Front-end que permita que permita las gestiones de API REST,No,2023-04-06,12:19:00,2023-04-06,13:39:05,01:20:05,,
Carbermar3,carbermar3@alum.us.es,,SOS2223-16,,#58 crear vista correctamente configurada en http://sos2223-16.appspot.com/,No,2023-04-06,18:15:00,2023-04-06,19:40:44,01:25:44,,
Marcos Morales,marcosmorales1812@gmail.com,,SOS2223-16,,#61 Comprobar que se muestra un mensaje informativo del estado de la operación,No,2023-04-10,10:15:56,2023-04-10,10:35:26,00:19:30,,
Marcos Morales,marcosmorales1812@gmail.com,,SOS2223-16,,#62 Comprobar que los elementos son comprensibles para usuarios no tecnicos,No,2023-04-10,10:35:48,2023-04-10,12:47:59,02:12:11,,
Marcos Morales,marcosmorales1812@gmail.com,,SOS2223-16,,#63 Front-end que permita que permita las gestiones de API REST,No,2023-04-10,12:47:59,2023-04-10,20:51:31,08:03:32,,
Carbermar3,carbermar3@alum.us.es,,SOS2223-16,,#67 Búsqueda de recursos,No,2023-04-14,00:36:00,2023-04-14,01:38:08,01:02:08,,
Carlopcar4,carlopcar4@alum.us.es,,SOS2223-16,,#64 Los elementos de la interfaz deben ser comprensibles para un usuario no técnico,No,2023-04-15,10:36:36,2023-04-15,11:56:36,01:20:00,,
Carbermar3,carbermar3@alum.us.es,,SOS2223-16,,#68 Paginación de la web,No,2023-04-15,13:57:00,2023-04-15,15:06:56,01:09:56,,
Carlopcar4,carlopcar4@alum.us.es,,SOS2223-16,,#66 Se debe recargar el frontend de forma automatizada,No,2023-04-15,15:35:54,2023-04-15,16:16:03,00:40:09,,
Carlopcar4,carlopcar4@alum.us.es,,SOS2223-16,,"#65 Desplegar una ""v2""",No,2023-04-15,16:36:13,2023-04-15,18:01:03,01:24:50,,
Carbermar3,carbermar3@alum.us.es,,SOS2223-16,,#69 Nuevos mensajes de códigos,No,2023-04-16,18:11:00,2023-04-16,19:14:23,01:03:23,,
Carbermar3,carbermar3@alum.us.es,,SOS2223-16,,#79 Realizar conjunto de visualizaciones de los recursos de su API,No,2023-05-14,20:59:00,2023-05-14,22:06:02,01:07:02,,
Carlopcar4,carlopcar4@alum.us.es,,,,"",No,2023-05-15,08:42:35,2023-05-15,08:42:35,00:00:00,,
Carlopcar4,carlopcar4@alum.us.es,,,,Realizar video de 5 minutos · Issue #75 · gti-sos/SOS2223-16,No,2023-05-15,08:43:39,2023-05-15,08:43:54,00:00:15,,
Carlopcar4,carlopcar4@alum.us.es,,SOS2223-16,,realizar la visualización de los recursos · Issue #74 · gti-sos/SOS2223-16,No,2023-05-15,08:44:11,2023-05-15,09:26:07,00:41:56,,
Carbermar3,carbermar3@alum.us.es,,SOS2223-16,,#79 Realizar conjunto de visualizaciones de los recursos de su API,No,2023-05-15,16:30:00,2023-05-15,17:33:51,01:03:51,,
Marcos Morales,marcosmorales1812@gmail.com,,,,#76 Añadir a la aplicación una vista (o un conjunto de vistas) que muestre las siguientes visualizaciones de información a partir de los datos que proporciona la API desarrollada en entregables anteriores,No,2023-05-16,10:44:19,2023-05-16,16:41:01,05:56:42,,
Carbermar3,carbermar3@alum.us.es,,SOS2223-16,,#80 Integraciones y usos,No,2023-05-17,12:46:00,2023-05-17,14:22:12,01:36:12,,
Carbermar3,carbermar3@alum.us.es,,SOS2223-16,,#80 Integraciones y usos,No,2023-05-17,15:52:00,2023-05-17,18:09:40,02:17:40,,
Marcos Morales,marcosmorales1812@gmail.com,,,,#76 Añadir a la aplicación una vista (o un conjunto de vistas) que muestre las siguientes visualizaciones de información a partir de los datos que proporciona la API desarrollada en entregables anteriores,No,2023-05-18,11:54:17,2023-05-18,14:32:14,02:37:57,,
Carbermar3,carbermar3@alum.us.es,,SOS2223-16,,#80 Integraciones y usos,No,2023-05-18,13:45:00,2023-05-18,15:01:06,01:16:06,,
Carbermar3,carbermar3@alum.us.es,,SOS2223-16,,#81 Arreglo gcloud,No,2023-05-18,15:21:00,2023-05-18,16:28:43,01:07:43,,
Carlopcar4,carlopcar4@alum.us.es,,,,Issues · gti-sos/SOS2223-16,No,2023-05-18,15:45:45,2023-05-18,15:46:00,00:00:15,,
Carlopcar4,carlopcar4@alum.us.es,,,,realizar la visualización de los recursos · Issue #74 · gti-sos/SOS2223-16,No,2023-05-18,15:46:08,2023-05-18,16:58:10,01:12:02,,
Carlopcar4,carlopcar4@alum.us.es,,SOS2223-16,,Hacer 4 integraciones · Issue #73 · gti-sos/SOS2223-16,No,2023-05-18,17:53:03,2023-05-18,20:23:15,02:30:12,,
Carbermar3,carbermar3@alum.us.es,,SOS2223-16,,#80 Integraciones y usos,No,2023-05-18,18:00:00,2023-05-19,02:18:33,08:18:33,,
Carbermar3,carbermar3@alum.us.es,,SOS2223-16,,#82 e2e,No,2023-05-19,11:56:00,2023-05-19,12:59:25,01:03:25,,
Carlopcar4,carlopcar4@alum.us.es,,,,"",No,2023-05-19,15:23:48,2023-05-19,15:23:48,00:00:00,,
Carlopcar4,carlopcar4@alum.us.es,,SOS2223-16,,realizar la visualización de los recursos · Issue #74 · gti-sos/SOS2223-16,No,2023-05-19,15:24:53,2023-05-19,18:45:22,03:20:29,,
Carlopcar4,carlopcar4@alum.us.es,,,,Realizar video de 5 minutos · Issue #75 · gti-sos/SOS2223-16,No,2023-05-19,19:13:30,2023-05-19,19:13:33,00:00:03,,
Carlopcar4,carlopcar4@alum.us.es,,,,Realizar video de 5 minutos · Issue #75 · gti-sos/SOS2223-16,No,2023-05-19,19:13:34,2023-05-19,19:13:37,00:00:03,,
Carlopcar4,carlopcar4@alum.us.es,,,,Realizar video de 5 minutos · Issue #75 · gti-sos/SOS2223-16,No,2023-05-19,19:13:37,2023-05-19,19:13:43,00:00:06,,
Carlopcar4,carlopcar4@alum.us.es,,,,Realizar video de 5 minutos · Issue #75 · gti-sos/SOS2223-16,No,2023-05-19,19:13:43,2023-05-19,19:32:48,00:19:05,,
Carbermar3,carbermar3@alum.us.es,,SOS2223-16,,#83 Integración datos conjuntos,No,2023-05-20,10:20:11,2023-05-20,11:20:19,01:00:08,,
Carlopcar4,carlopcar4@alum.us.es,,SOS2223-16,,Realizar video de 5 minutos · Issue #75 · gti-sos/SOS2223-16,No,2023-05-20,10:21:11,2023-05-20,12:47:11,02:26:00,,
